Date,RainToday,RainTomorrow,HighHumidity,HighWind,HighCloudCover,LowPressure,TemperatureGroup
01-01-2025,No,No,No,No,Yes,No,Moderate
02-01-2025,Yes,Yes,Yes,No,Yes,No,Moderate
03-01-2025,Yes,Yes,Yes,No,No,Yes,High
04-01-2025,Yes,Yes,Yes,No,No,No,High
05-01-2025,Yes,No,No,No,Yes,Yes,Moderate
06-01-2025,No,Yes,No,Yes,No,No,Moderate
07-01-2025,Yes,No,Yes,No,Yes,Yes,High
08-01-2025,Yes,Yes,No,No,Yes,Yes,High
09-01-2025,Yes,Yes,Yes,No,Yes,No,Moderate
10-01-2025,No,Yes,Yes,No,No,Yes,High
11-01-2025,Yes,Yes,No,No,Yes,No,Moderate
12-01-2025,No,Yes,No,No,No,No,Moderate
13-01-2025,No,Yes,No,Yes,Yes,No,Moderate
14-01-2025,Yes,Yes,No,No,No,Yes,Low
15-01-2025,No,Yes,No,Yes,Yes,No,Low
16-01-2025,No,No,No,No,No,No,Moderate
17-01-2025,Yes,Yes,Yes,No,No,No,Moderate
18-01-2025,No,No,No,Yes,No,Yes,Moderate
19-01-2025,Yes,No,No,No,No,No,Moderate
20-01-2025,No,Yes,Yes,Yes,No,No,Low
21-01-2025,Yes,Yes,Yes,No,No,Yes,High
22-01-2025,No,No,No,No,No,No,Moderate
23-01-2025,Yes,Yes,Yes,No,No,Yes,Moderate
24-01-2025,Yes,Yes,No,No,Yes,No,Low
25-01-2025,No,Yes,No,No,Yes,Yes,Moderate
26-01-2025,Yes,Yes,Yes,No,No,Yes,Moderate
27-01-2025,No,Yes,Yes,No,No,Yes,Moderate
28-01-2025,Yes,Yes,No,No,No,No,Moderate
29-01-2025,Yes,No,No,No,Yes,No,Moderate
30-01-2025,Yes,Yes,No,No,No,Yes,Moderate
31-01-2025,No,No,No,No,No,No,Moderate
01-02-2025,No,No,Yes,No,No,Yes,High
02-02-2025,Yes,Yes,Yes,No,No,No,Moderate
03-02-2025,No,Yes,No,No,Yes,Yes,Moderate
04-02-2025,Yes,Yes,Yes,No,No,Yes,High
05-02-2025,No,No,No,No,Yes,No,Low
06-02-2025,No,Yes,No,No,No,Yes,Moderate
07-02-2025,No,Yes,Yes,No,No,No,Low
08-02-2025,Yes,No,Yes,No,No,No,Low
09-02-2025,Yes,Yes,No,No,Yes,No,Moderate
10-02-2025,No,Yes,No,No,Yes,No,High
11-02-2025,No,Yes,No,No,No,Yes,Moderate
12-02-2025,No,Yes,No,No,Yes,No,Moderate
13-02-2025,Yes,Yes,Yes,No,No,No,Moderate
14-02-2025,No,Yes,Yes,No,No,Yes,Low
15-02-2025,Yes,Yes,No,No,Yes,Yes,Moderate
16-02-2025,Yes,Yes,Yes,No,Yes,No,Moderate
17-02-2025,Yes,No,Yes,No,No,No,High
18-02-2025,Yes,Yes,Yes,No,Yes,No,Moderate
19-02-2025,Yes,Yes,Yes,No,Yes,Yes,Low
20-02-2025,No,No,No,No,No,No,Moderate
21-02-2025,Yes,Yes,No,No,No,No,Moderate
22-02-2025,No,No,Yes,No,No,No,Moderate
23-02-2025,No,No,Yes,No,No,No,High
24-02-2025,Yes,No,No,No,No,No,High
25-02-2025,Yes,Yes,No,No,No,No,High
26-02-2025,Yes,Yes,Yes,No,No,No,Moderate
27-02-2025,Yes,No,No,No,Yes,No,Moderate
28-02-2025,Yes,Yes,Yes,Yes,No,No,Moderate
01-03-2025,Yes,Yes,No,No,No,No,High
02-03-2025,Yes,No,No,No,Yes,No,Moderate
03-03-2025,No,No,Yes,No,No,No,Moderate
04-03-2025,Yes,Yes,Yes,Yes,Yes,No,Moderate
05-03-2025,No,No,Yes,No,No,No,Low
06-03-2025,No,Yes,Yes,No,No,No,High
07-03-2025,No,No,No,No,No,No,High
08-03-2025,Yes,Yes,Yes,No,No,Yes,Moderate
09-03-2025,Yes,No,No,No,Yes,Yes,High
10-03-2025,Yes,Yes,Yes,No,No,Yes,Moderate
11-03-2025,Yes,No,No,No,No,No,Moderate
12-03-2025,No,No,No,No,No,No,Moderate
13-03-2025,Yes,Yes,Yes,Yes,No,No,High
14-03-2025,No,Yes,No,Yes,No,No,Moderate
15-03-2025,Yes,No,Yes,No,No,No,High
16-03-2025,No,No,No,No,Yes,No,Low
17-03-2025,No,Yes,No,Yes,No,Yes,High
18-03-2025,No,Yes,Yes,Yes,No,No,Moderate
19-03-2025,No,Yes,Yes,No,No,No,Moderate
20-03-2025,Yes,Yes,Yes,No,Yes,Yes,Moderate
21-03-2025,No,No,Yes,No,Yes,No,Low
22-03-2025,No,Yes,No,No,No,No,Moderate
23-03-2025,No,No,No,No,No,No,Moderate
24-03-2025,No,No,No,No,No,No,High
25-03-2025,Yes,Yes,No,No,Yes,No,Moderate
26-03-2025,Yes,Yes,Yes,No,No,No,Moderate
27-03-2025,No,Yes,No,No,No,No,Moderate
28-03-2025,No,Yes,No,Yes,Yes,No,High
29-03-2025,No,No,No,No,No,Yes,Moderate
30-03-2025,No,No,Yes,No,No,No,Moderate
31-03-2025,Yes,No,No,No,No,Yes,High
01-04-2025,No,No,No,No,No,No,Moderate
02-04-2025,Yes,Yes,Yes,No,No,No,High
03-04-2025,No,No,Yes,No,Yes,No,Moderate
04-04-2025,Yes,Yes,No,No,No,No,Moderate
05-04-2025,No,No,No,No,Yes,No,Moderate
06-04-2025,No,Yes,Yes,No,No,No,Low
07-04-2025,No,No,No,No,No,No,Moderate
08-04-2025,No,No,No,Yes,No,Yes,Moderate
09-04-2025,Yes,Yes,No,No,Yes,No,Moderate
10-04-2025,No,No,No,No,No,No,Moderate
11-04-2025,Yes,Yes,Yes,No,Yes,No,Low
12-04-2025,No,No,Yes,No,No,Yes,Moderate
13-04-2025,No,No,Yes,No,Yes,No,Moderate
14-04-2025,No,No,No,Yes,No,No,Moderate
15-04-2025,No,No,No,Yes,Yes,No,Moderate
16-04-2025,No,No,No,No,No,No,Moderate
17-04-2025,Yes,Yes,No,No,Yes,Yes,High
18-04-2025,Yes,Yes,No,No,No,Yes,Moderate
19-04-2025,No,Yes,Yes,No,No,Yes,Moderate
20-04-2025,Yes,Yes,No,No,Yes,No,Moderate
21-04-2025,No,Yes,Yes,No,No,No,Low
22-04-2025,Yes,Yes,Yes,No,No,No,Moderate
23-04-2025,Yes,Yes,No,Yes,Yes,No,Moderate
24-04-2025,Yes,Yes,Yes,Yes,No,Yes,High
25-04-2025,No,No,Yes,No,No,No,Moderate
26-04-2025,No,No,No,No,No,No,Moderate
27-04-2025,No,No,Yes,No,Yes,No,Moderate
28-04-2025,No,No,No,No,No,No,Low
29-04-2025,No,Yes,No,No,No,No,High
30-04-2025,No,Yes,No,Yes,Yes,No,High
01-05-2025,Yes,Yes,No,No,Yes,Yes,High
02-05-2025,Yes,Yes,Yes,No,Yes,No,Moderate
03-05-2025,No,No,Yes,No,Yes,No,High
04-05-2025,No,No,Yes,No,No,No,Low
05-05-2025,Yes,Yes,Yes,No,Yes,No,High
06-05-2025,No,No,No,Yes,No,No,High
07-05-2025,No,Yes,Yes,No,No,Yes,Moderate
08-05-2025,Yes,Yes,Yes,No,No,No,Moderate
09-05-2025,Yes,Yes,Yes,No,No,No,Moderate
10-05-2025,No,No,No,Yes,No,No,Moderate
11-05-2025,Yes,Yes,No,Yes,No,Yes,Low
12-05-2025,No,No,No,No,No,No,Moderate
13-05-2025,Yes,No,No,No,Yes,No,Moderate
14-05-2025,Yes,No,No,No,No,No,Moderate
15-05-2025,No,No,No,No,No,Yes,Moderate
16-05-2025,Yes,Yes,Yes,Yes,Yes,Yes,High
17-05-2025,No,No,Yes,No,Yes,No,Moderate
18-05-2025,Yes,Yes,Yes,No,No,No,Moderate
19-05-2025,Yes,Yes,Yes,No,Yes,Yes,High
20-05-2025,No,Yes,No,No,Yes,Yes,Low
21-05-2025,No,No,No,No,No,No,Moderate
22-05-2025,No,Yes,Yes,No,Yes,No,High
23-05-2025,No,No,No,No,No,No,Low
24-05-2025,Yes,Yes,Yes,Yes,No,Yes,Moderate
25-05-2025,Yes,Yes,Yes,Yes,No,No,Moderate
26-05-2025,No,No,No,No,No,No,High
27-05-2025,Yes,Yes,No,No,No,Yes,Low
28-05-2025,No,No,Yes,No,No,No,Low
29-05-2025,Yes,No,No,Yes,Yes,No,High
30-05-2025,Yes,Yes,Yes,No,No,No,Moderate
31-05-2025,No,No,No,No,No,No,Moderate
01-06-2025,Yes,No,No,No,No,No,Moderate
02-06-2025,No,No,No,No,No,No,Moderate
03-06-2025,Yes,Yes,No,Yes,No,Yes,Moderate
04-06-2025,Yes,No,No,No,Yes,No,Moderate
05-06-2025,No,Yes,Yes,No,Yes,No,Moderate
06-06-2025,Yes,No,No,No,No,No,High
07-06-2025,No,Yes,No,No,Yes,No,Moderate
08-06-2025,Yes,Yes,No,No,Yes,No,Low
09-06-2025,Yes,Yes,Yes,Yes,No,No,High
10-06-2025,No,No,Yes,No,No,No,Moderate
11-06-2025,Yes,Yes,No,No,Yes,No,High
12-06-2025,No,No,No,No,No,No,High
13-06-2025,No,No,Yes,Yes,No,No,Moderate
14-06-2025,Yes,Yes,Yes,No,Yes,Yes,High
15-06-2025,No,No,No,No,Yes,No,Moderate
16-06-2025,Yes,Yes,Yes,No,Yes,No,High
17-06-2025,Yes,No,No,No,No,No,High
18-06-2025,Yes,No,Yes,No,Yes,Yes,Moderate
19-06-2025,No,No,No,No,Yes,No,Moderate
20-06-2025,No,Yes,Yes,No,Yes,No,Moderate
21-06-2025,Yes,Yes,Yes,No,No,Yes,Moderate
22-06-2025,No,No,No,No,No,No,Moderate
23-06-2025,Yes,Yes,Yes,No,No,No,Moderate
24-06-2025,Yes,Yes,Yes,Yes,No,Yes,Moderate
25-06-2025,Yes,Yes,Yes,No,No,Yes,High
26-06-2025,No,No,No,No,No,Yes,Moderate
27-06-2025,No,Yes,Yes,No,No,No,High
28-06-2025,No,Yes,Yes,Yes,No,No,Moderate
29-06-2025,No,No,No,No,No,No,High
30-06-2025,Yes,Yes,No,No,No,No,High
01-07-2025,Yes,Yes,No,Yes,Yes,Yes,Moderate
02-07-2025,No,Yes,No,No,Yes,No,Moderate
03-07-2025,No,No,Yes,No,No,No,Moderate
04-07-2025,Yes,Yes,Yes,No,No,Yes,Moderate
05-07-2025,Yes,No,No,No,Yes,No,High
06-07-2025,No,Yes,Yes,No,No,No,Moderate
07-07-2025,No,Yes,No,No,No,No,Moderate
08-07-2025,No,No,No,No,No,No,Moderate
09-07-2025,No,No,No,No,No,No,Low
10-07-2025,Yes,Yes,Yes,No,No,No,Moderate
11-07-2025,No,No,No,No,No,No,High
12-07-2025,No,No,No,No,No,Yes,Moderate
13-07-2025,No,No,No,No,No,No,Low
14-07-2025,No,No,No,Yes,No,No,Moderate
15-07-2025,No,Yes,Yes,No,No,No,Moderate
16-07-2025,No,No,Yes,No,No,No,Moderate
17-07-2025,Yes,No,No,No,No,Yes,Moderate
18-07-2025,No,No,No,No,No,No,Moderate
19-07-2025,No,No,No,No,Yes,No,Moderate
20-07-2025,Yes,Yes,No,No,No,No,Moderate
21-07-2025,No,Yes,Yes,No,No,No,High
22-07-2025,Yes,Yes,No,No,No,Yes,High
23-07-2025,Yes,Yes,Yes,Yes,No,Yes,High
24-07-2025,No,No,No,No,No,Yes,Low
25-07-2025,No,No,No,No,No,No,Moderate
26-07-2025,No,No,No,No,No,Yes,High
27-07-2025,No,No,No,No,No,No,High
28-07-2025,No,Yes,No,No,No,Yes,High
29-07-2025,No,No,No,No,Yes,No,High
30-07-2025,Yes,No,Yes,No,No,No,High
31-07-2025,Yes,Yes,No,Yes,No,No,High
01-08-2025,Yes,Yes,No,No,No,No,High
02-08-2025,Yes,Yes,Yes,No,Yes,No,High
03-08-2025,No,Yes,No,No,No,No,Moderate
04-08-2025,No,No,No,Yes,Yes,No,High
05-08-2025,No,No,Yes,No,No,No,Moderate
06-08-2025,No,No,Yes,Yes,No,No,Moderate
07-08-2025,No,No,No,No,No,No,Moderate
08-08-2025,No,Yes,No,No,Yes,No,Moderate
09-08-2025,No,Yes,No,No,No,No,High
10-08-2025,Yes,Yes,No,No,No,Yes,Low
11-08-2025,No,No,No,No,Yes,Yes,High
12-08-2025,Yes,Yes,Yes,No,No,No,Low
13-08-2025,Yes,Yes,Yes,No,No,No,Moderate
14-08-2025,No,Yes,No,No,No,No,High
15-08-2025,No,No,Yes,No,No,No,Moderate
16-08-2025,No,No,Yes,No,No,No,Moderate
17-08-2025,Yes,Yes,Yes,No,Yes,No,Moderate
18-08-2025,Yes,Yes,Yes,No,Yes,Yes,High
19-08-2025,No,No,No,No,No,No,Moderate
20-08-2025,No,No,No,No,No,Yes,Moderate
21-08-2025,No,No,No,No,No,No,Moderate
22-08-2025,Yes,Yes,Yes,No,Yes,Yes,Moderate
23-08-2025,Yes,No,No,No,No,No,High
24-08-2025,No,Yes,No,No,Yes,No,High
25-08-2025,Yes,No,No,Yes,Yes,No,Low
26-08-2025,No,No,No,No,No,No,Moderate
27-08-2025,Yes,Yes,Yes,No,No,No,Moderate
28-08-2025,Yes,Yes,Yes,No,Yes,No,High
29-08-2025,Yes,No,No,No,No,Yes,Moderate
30-08-2025,Yes,Yes,Yes,No,No,Yes,Moderate
31-08-2025,Yes,Yes,No,No,No,Yes,Moderate
01-09-2025,No,No,No,No,No,No,High
02-09-2025,Yes,Yes,Yes,No,No,No,Low
03-09-2025,No,No,Yes,No,No,Yes,Moderate
04-09-2025,No,No,No,Yes,No,No,Moderate
05-09-2025,No,No,No,No,No,Yes,Moderate
06-09-2025,Yes,No,No,No,No,Yes,High
07-09-2025,No,No,No,No,No,Yes,Moderate
